variant,exp_ddg,exp_ddg_err,measured_state,exp_source,notes
A4V,NEEDS_VERIFICATION,NEEDS_VERIFICATION,apo_monomer,Lindberg2005_PNAS,candidate source pending Table S1
G37R,NEEDS_VERIFICATION,NEEDS_VERIFICATION,apo_monomer,Lindberg2005_PNAS,candidate source pending Table S1
G93A,NEEDS_VERIFICATION,NEEDS_VERIFICATION,apo_monomer,Lindberg2005_PNAS,candidate source pending Table S1
G93C,NEEDS_VERIFICATION,NEEDS_VERIFICATION,apo_monomer,Lindberg2005_PNAS,candidate source pending Table S1
D90A,NEEDS_VERIFICATION,NEEDS_VERIFICATION,apo_monomer,Lindberg2005_PNAS,candidate source pending Table S1 (mild/recessive)
E100G,NEEDS_VERIFICATION,NEEDS_VERIFICATION,apo_monomer,Lindberg2005_PNAS,candidate source pending Table S1
C6F,NEEDS_VERIFICATION,NEEDS_VERIFICATION,apo_monomer,Lindberg2005_PNAS,candidate source pending Table S1
I113T,NEEDS_VERIFICATION,NEEDS_VERIFICATION,apo_monomer,Lindberg2005_PNAS,candidate source pending Table S1
L38V,NEEDS_VERIFICATION,NEEDS_VERIFICATION,apo_monomer,Lindberg2005_PNAS,candidate source pending Table S1
G85R,NEEDS_VERIFICATION,NEEDS_VERIFICATION,apo_reduced,Vassall2011_PNAS,candidate source pending Table S1
H46R,NEEDS_VERIFICATION,NEEDS_VERIFICATION,apo_reduced,Vassall2011_PNAS,candidate source pending Table S1 (reported mildly stabilizing)
V148I,NEEDS_VERIFICATION,NEEDS_VERIFICATION,apo_reduced,Vassall2011_PNAS,candidate source pending Table S1 (reported mildly stabilizing)
