variant,wt_aa,mature_pos,mut_aa,exp_ddg,exp_ddg_err,exp_ddg_dimer,class,oligomer,exp_source
A4V,A,4,V,1.62,0.3,4.31,B,monomer,Kumar2017_TableS1|Lindberg2005_PNAS_102_9754
I18V,I,18,V,0.37,0.3,,B,monomer,Kumar2017_TableS1|NordlundOliveberg2006_PNAS_103_10218
V29A,V,29,A,2.81,0.3,,B,monomer,Kumar2017_TableS1|NordlundOliveberg2006_PNAS_103_10218
V31A,V,31,A,1.39,0.3,,B,monomer,Kumar2017_TableS1|NordlundOliveberg2006_PNAS_103_10218
I35V,I,35,V,0.66,0.3,,B,monomer,Kumar2017_TableS1|NordlundOliveberg2006_PNAS_103_10218
L38A,L,38,A,2.95,0.3,,B,monomer,Kumar2017_TableS1|NordlundOliveberg2006_PNAS_103_10218
L38V,L,38,V,2.25,0.3,3.24,B,monomer,Kumar2017_TableS1|Bystrom2010_JBC_285_19544
G41D,G,41,D,2.91,0.3,3.47,B,monomer,Kumar2017_TableS1|Lindberg2005_PNAS_102_9754
G41S,G,41,S,2.93,0.3,4.47,B,monomer,Kumar2017_TableS1|Lindberg2005_PNAS_102_9754
H43R,H,43,R,2.68,0.3,4.05,B,monomer,Kumar2017_TableS1|Lindberg2005_PNAS_102_9754
F45A,F,45,A,2.07,0.3,,B,monomer,Kumar2017_TableS1|NordlundOliveberg2006_PNAS_103_10218
H46R,H,46,R,-0.81,0.3,-0.48,M,monomer,Kumar2017_TableS1|Lindberg2005_PNAS_102_9754
V47A,V,47,A,1.45,0.3,,B,monomer,Kumar2017_TableS1|NordlundOliveberg2006_PNAS_103_10218
F64A,F,64,A,-0.2,0.3,,B,monomer,Kumar2017_TableS1|NordlundOliveberg2006_PNAS_103_10218
D76V,D,76,V,0.2,0.3,0.06,M,monomer,Kumar2017_TableS1|Bystrom2010_JBC_285_19544
D76Y,D,76,Y,0.21,0.3,0.09,M,monomer,Kumar2017_TableS1|Bystrom2010_JBC_285_19544
V81A,V,81,A,0.01,0.3,,B,monomer,Kumar2017_TableS1|NordlundOliveberg2006_PNAS_103_10218
L84A,L,84,A,1.85,0.3,,M,monomer,Kumar2017_TableS1|NordlundOliveberg2006_PNAS_103_10218
L84V,L,84,V,1.87,0.3,2.65,M,monomer,Kumar2017_TableS1|Lindberg2005_PNAS_102_9754
G85R,G,85,R,1.93,0.3,0.9,M,monomer,Kumar2017_TableS1|Lindberg2005_PNAS_102_9754
N86D,N,86,D,-0.05,0.3,0.94,B,monomer,Kumar2017_TableS1|Bystrom2010_JBC_285_19544
N86K,N,86,K,0.66,0.3,1.41,B,monomer,Kumar2017_TableS1|Bystrom2010_JBC_285_19544
N86S,N,86,S,-0.07,0.3,0.45,B,monomer,Kumar2017_TableS1|Bystrom2010_JBC_285_19544
V87A,V,87,A,1.61,0.3,,B,monomer,Kumar2017_TableS1|NordlundOliveberg2006_PNAS_103_10218
D90A,D,90,A,0.66,0.3,0.65,B,monomer,Kumar2017_TableS1|Lindberg2005_PNAS_102_9754
D90V,D,90,V,1.41,0.3,1.85,B,monomer,Kumar2017_TableS1|Bystrom2010_JBC_285_19544
G93A,G,93,A,2.43,0.3,2.98,B,monomer,Kumar2017_TableS1|Lindberg2005_PNAS_102_9754
G93S,G,93,S,3.7,0.3,3.1,B,monomer,Kumar2017_TableS1|Stathopulos2006_JBC_281_6184
G93R,G,93,R,4.4,0.3,3.0,B,monomer,Kumar2017_TableS1|Stathopulos2006_JBC_281_6184
G93D,G,93,D,5.7,0.3,4.5,B,monomer,Kumar2017_TableS1|Stathopulos2006_JBC_281_6184
G93V,G,93,V,7.0,0.3,5.4,B,monomer,Kumar2017_TableS1|Stathopulos2006_JBC_281_6184
V97A,V,97,A,2.9,0.3,,B,monomer,Kumar2017_TableS1|NordlundOliveberg2006_PNAS_103_10218
E100G,E,100,G,0.91,0.3,2.22,B,monomer,Kumar2017_TableS1|Lindberg2005_PNAS_102_9754
D101G,D,101,G,0.72,0.3,1.39,B,monomer,Kumar2017_TableS1|Bystrom2010_JBC_285_19544
D101N,D,101,N,-0.8,0.3,-0.75,B,monomer,Kumar2017_TableS1|Bystrom2010_JBC_285_19544
I104A,I,104,A,1.53,0.3,,B,monomer,Kumar2017_TableS1|NordlundOliveberg2006_PNAS_103_10218
I104F,I,104,F,0.72,0.3,1.24,B,monomer,Kumar2017_TableS1|Lindberg2005_PNAS_102_9754
S105L,S,105,L,1.81,0.3,2.6,B,monomer,Kumar2017_TableS1|Bystrom2010_JBC_285_19544
L106V,L,106,V,1.78,0.3,3.62,B,monomer,Kumar2017_TableS1|Lindberg2005_PNAS_102_9754
L106A,L,106,A,3.71,0.3,,B,monomer,Kumar2017_TableS1|NordlundOliveberg2006_PNAS_103_10218
C111A,C,111,A,-0.42,0.3,,B,monomer,Kumar2017_TableS1|NordlundOliveberg2006_PNAS_103_10218
I112A,I,112,A,1.25,0.3,,B,monomer,Kumar2017_TableS1|NordlundOliveberg2006_PNAS_103_10218
I113T,I,113,T,1.25,0.3,2.48,B,monomer,Kumar2017_TableS1|Lindberg2005_PNAS_102_9754
G114A,G,114,A,2.33,0.3,3.27,B,monomer,Kumar2017_TableS1|Bystrom2010_JBC_285_19544
L117A,L,117,A,1.78,0.3,,B,monomer,Kumar2017_TableS1|NordlundOliveberg2006_PNAS_103_10218
V119A,V,119,A,2.55,0.3,,B,monomer,Kumar2017_TableS1|NordlundOliveberg2006_PNAS_103_10218
N139D,N,139,D,0.01,0.3,-0.36,B,monomer,Kumar2017_TableS1|Bystrom2010_JBC_285_19544
N139K,N,139,K,0.06,0.3,0.24,B,monomer,Kumar2017_TableS1|Bystrom2010_JBC_285_19544
L144A,L,144,A,-0.13,0.3,,B,monomer,Kumar2017_TableS1|NordlundOliveberg2006_PNAS_103_10218
L144S,L,144,S,0.2,0.3,1.07,B,monomer,Kumar2017_TableS1|Bystrom2010_JBC_285_19544
L144F,L,144,F,0.23,0.3,1.89,B,monomer,Kumar2017_TableS1|Lindberg2005_PNAS_102_9754
V148G,V,148,G,2.53,0.3,4.56,B,monomer,Kumar2017_TableS1|Lindberg2005_PNAS_102_9754
I149A,I,149,A,4.05,0.3,,B,monomer,Kumar2017_TableS1|NordlundOliveberg2006_PNAS_103_10218
I149V,I,149,V,0.27,0.3,,B,monomer,Kumar2017_TableS1|NordlundOliveberg2006_PNAS_103_10218
